{
  "env": {
    "cx": 1218.991943359375,
    "cy": 416.34539794921875,
    "A": 518.7002563476562,
    "B": 434.34405517578125,
    "ang": 124.51776885986328
  },
  "ellipses": {
    "yellow": {
      "cx": 1194.714599609375,
      "cy": 404.6881408691406,
      "a": 455.6018371582031,
      "b": 406.76837158203125,
      "ang": 12.968658447265625,
      "dr": 26.931042723717468,
      "ratio": 1.120052268041995,
      "n_pix": 23720
    },
    "darkred2": {
      "cx": 1167.3916015625,
      "cy": 573.1544189453125,
      "a": 470.3985900878906,
      "b": 443.20819091796875,
      "ang": 74.22178649902344,
      "dr": 165.08078125362653,
      "ratio": 1.061349044821589,
      "n_pix": 21990
    },
    "green": {
      "cx": 1173.613525390625,
      "cy": 587.021484375,
      "a": 413.1064758300781,
      "b": 394.5877380371094,
      "ang": 150.32485961914062,
      "dr": 176.60556982996692,
      "ratio": 1.0469318633292835,
      "n_pix": 26049
    }
  }
}